model_id,name,model_type,domain_id,category_id,version,description,schema_version,enabled_entity_types,enabled_relation_types,retrieval_filter,validation_profile,status
model:corporate:base,法人服务基础知识模型,DOMAIN_BASE,domain:corporate,,v1,法人服务共享基础模型,ZwdmxGJ-v0.3,"[""ServiceDomain"",""CategoryScheme"",""ServiceCategory"",""KnowledgeModel"",""GovernmentService"",""Department"",""Material"",""ServiceCondition"",""ProcessStep"",""ServiceResult"",""LegalBasis"",""LegalCitation"",""FAQ"",""ServiceChannel"",""Fee"",""Chunk"",""Proposition""]","[""belongsToDomain"",""belongsToScheme"",""parentCategory"",""appliesToCategory"",""extendsModel"",""classifiedAs"",""usesModel"",""handledBy"",""collaboratesWith"",""requiresMaterial"",""hasCondition"",""hasProcessStep"",""nextStep"",""producesResult"",""citesLegal"",""partOf"",""hasFaq"",""hasChannel"",""hasFee"",""belongsTo"",""hasChunk""]","{""domain_id"":""domain:corporate""}","{""required"":[""serviceId"",""domainId"",""categoryId""]}",ACTIVE
model:corporate:交通运输,法人服务-交通运输知识模型,CATEGORY_PROFILE,domain:corporate,category:corporate:交通运输,v1,面向法人服务“交通运输”分类的知识模型 Profile,ZwdmxGJ-v0.3,"[""ServiceDomain"",""CategoryScheme"",""ServiceCategory"",""KnowledgeModel"",""GovernmentService"",""Department"",""Material"",""ServiceCondition"",""ProcessStep"",""ServiceResult"",""LegalBasis"",""LegalCitation"",""FAQ"",""ServiceChannel"",""Fee"",""Chunk"",""Proposition""]","[""belongsToDomain"",""belongsToScheme"",""parentCategory"",""appliesToCategory"",""extendsModel"",""classifiedAs"",""usesModel"",""handledBy"",""collaboratesWith"",""requiresMaterial"",""hasCondition"",""hasProcessStep"",""nextStep"",""producesResult"",""citesLegal"",""partOf"",""hasFaq"",""hasChannel"",""hasFee"",""belongsTo"",""hasChunk""]","{""domain_id"":""domain:corporate"",""category_id"":""category:corporate:交通运输""}","{""required"":[""serviceId"",""domainId"",""categoryId""]}",ACTIVE
model:corporate:人力资源,法人服务-人力资源知识模型,CATEGORY_PROFILE,domain:corporate,category:corporate:人力资源,v1,面向法人服务“人力资源”分类的知识模型 Profile,ZwdmxGJ-v0.3,"[""ServiceDomain"",""CategoryScheme"",""ServiceCategory"",""KnowledgeModel"",""GovernmentService"",""Department"",""Material"",""ServiceCondition"",""ProcessStep"",""ServiceResult"",""LegalBasis"",""LegalCitation"",""FAQ"",""ServiceChannel"",""Fee"",""Chunk"",""Proposition""]","[""belongsToDomain"",""belongsToScheme"",""parentCategory"",""appliesToCategory"",""extendsModel"",""classifiedAs"",""usesModel"",""handledBy"",""collaboratesWith"",""requiresMaterial"",""hasCondition"",""hasProcessStep"",""nextStep"",""producesResult"",""citesLegal"",""partOf"",""hasFaq"",""hasChannel"",""hasFee"",""belongsTo"",""hasChunk""]","{""domain_id"":""domain:corporate"",""category_id"":""category:corporate:人力资源""}","{""required"":[""serviceId"",""domainId"",""categoryId""]}",ACTIVE
model:corporate:公安消防,法人服务-公安消防知识模型,CATEGORY_PROFILE,domain:corporate,category:corporate:公安消防,v1,面向法人服务“公安消防”分类的知识模型 Profile,ZwdmxGJ-v0.3,"[""ServiceDomain"",""CategoryScheme"",""ServiceCategory"",""KnowledgeModel"",""GovernmentService"",""Department"",""Material"",""ServiceCondition"",""ProcessStep"",""ServiceResult"",""LegalBasis"",""LegalCitation"",""FAQ"",""ServiceChannel"",""Fee"",""Chunk"",""Proposition""]","[""belongsToDomain"",""belongsToScheme"",""parentCategory"",""appliesToCategory"",""extendsModel"",""classifiedAs"",""usesModel"",""handledBy"",""collaboratesWith"",""requiresMaterial"",""hasCondition"",""hasProcessStep"",""nextStep"",""producesResult"",""citesLegal"",""partOf"",""hasFaq"",""hasChannel"",""hasFee"",""belongsTo"",""hasChunk""]","{""domain_id"":""domain:corporate"",""category_id"":""category:corporate:公安消防""}","{""required"":[""serviceId"",""domainId"",""categoryId""]}",ACTIVE
model:corporate:公用事业,法人服务-公用事业知识模型,CATEGORY_PROFILE,domain:corporate,category:corporate:公用事业,v1,面向法人服务“公用事业”分类的知识模型 Profile,ZwdmxGJ-v0.3,"[""ServiceDomain"",""CategoryScheme"",""ServiceCategory"",""KnowledgeModel"",""GovernmentService"",""Department"",""Material"",""ServiceCondition"",""ProcessStep"",""ServiceResult"",""LegalBasis"",""LegalCitation"",""FAQ"",""ServiceChannel"",""Fee"",""Chunk"",""Proposition""]","[""belongsToDomain"",""belongsToScheme"",""parentCategory"",""appliesToCategory"",""extendsModel"",""classifiedAs"",""usesModel"",""handledBy"",""collaboratesWith"",""requiresMaterial"",""hasCondition"",""hasProcessStep"",""nextStep"",""producesResult"",""citesLegal"",""partOf"",""hasFaq"",""hasChannel"",""hasFee"",""belongsTo"",""hasChunk""]","{""domain_id"":""domain:corporate"",""category_id"":""category:corporate:公用事业""}","{""required"":[""serviceId"",""domainId"",""categoryId""]}",ACTIVE
model:corporate:其他,法人服务-其他知识模型,CATEGORY_PROFILE,domain:corporate,category:corporate:其他,v1,面向法人服务“其他”分类的知识模型 Profile,ZwdmxGJ-v0.3,"[""ServiceDomain"",""CategoryScheme"",""ServiceCategory"",""KnowledgeModel"",""GovernmentService"",""Department"",""Material"",""ServiceCondition"",""ProcessStep"",""ServiceResult"",""LegalBasis"",""LegalCitation"",""FAQ"",""ServiceChannel"",""Fee"",""Chunk"",""Proposition""]","[""belongsToDomain"",""belongsToScheme"",""parentCategory"",""appliesToCategory"",""extendsModel"",""classifiedAs"",""usesModel"",""handledBy"",""collaboratesWith"",""requiresMaterial"",""hasCondition"",""hasProcessStep"",""nextStep"",""producesResult"",""citesLegal"",""partOf"",""hasFaq"",""hasChannel"",""hasFee"",""belongsTo"",""hasChunk""]","{""domain_id"":""domain:corporate"",""category_id"":""category:corporate:其他""}","{""required"":[""serviceId"",""domainId"",""categoryId""]}",ACTIVE
model:corporate:农林牧渔,法人服务-农林牧渔知识模型,CATEGORY_PROFILE,domain:corporate,category:corporate:农林牧渔,v1,面向法人服务“农林牧渔”分类的知识模型 Profile,ZwdmxGJ-v0.3,"[""ServiceDomain"",""CategoryScheme"",""ServiceCategory"",""KnowledgeModel"",""GovernmentService"",""Department"",""Material"",""ServiceCondition"",""ProcessStep"",""ServiceResult"",""LegalBasis"",""LegalCitation"",""FAQ"",""ServiceChannel"",""Fee"",""Chunk"",""Proposition""]","[""belongsToDomain"",""belongsToScheme"",""parentCategory"",""appliesToCategory"",""extendsModel"",""classifiedAs"",""usesModel"",""handledBy"",""collaboratesWith"",""requiresMaterial"",""hasCondition"",""hasProcessStep"",""nextStep"",""producesResult"",""citesLegal"",""partOf"",""hasFaq"",""hasChannel"",""hasFee"",""belongsTo"",""hasChunk""]","{""domain_id"":""domain:corporate"",""category_id"":""category:corporate:农林牧渔""}","{""required"":[""serviceId"",""domainId"",""categoryId""]}",ACTIVE
model:corporate:准营准办,法人服务-准营准办知识模型,CATEGORY_PROFILE,domain:corporate,category:corporate:准营准办,v1,面向法人服务“准营准办”分类的知识模型 Profile,ZwdmxGJ-v0.3,"[""ServiceDomain"",""CategoryScheme"",""ServiceCategory"",""KnowledgeModel"",""GovernmentService"",""Department"",""Material"",""ServiceCondition"",""ProcessStep"",""ServiceResult"",""LegalBasis"",""LegalCitation"",""FAQ"",""ServiceChannel"",""Fee"",""Chunk"",""Proposition""]","[""belongsToDomain"",""belongsToScheme"",""parentCategory"",""appliesToCategory"",""extendsModel"",""classifiedAs"",""usesModel"",""handledBy"",""collaboratesWith"",""requiresMaterial"",""hasCondition"",""hasProcessStep"",""nextStep"",""producesResult"",""citesLegal"",""partOf"",""hasFaq"",""hasChannel"",""hasFee"",""belongsTo"",""hasChunk""]","{""domain_id"":""domain:corporate"",""category_id"":""category:corporate:准营准办""}","{""required"":[""serviceId"",""domainId"",""categoryId""]}",ACTIVE
model:corporate:劳动保障,法人服务-劳动保障知识模型,CATEGORY_PROFILE,domain:corporate,category:corporate:劳动保障,v1,面向法人服务“劳动保障”分类的知识模型 Profile,ZwdmxGJ-v0.3,"[""ServiceDomain"",""CategoryScheme"",""ServiceCategory"",""KnowledgeModel"",""GovernmentService"",""Department"",""Material"",""ServiceCondition"",""ProcessStep"",""ServiceResult"",""LegalBasis"",""LegalCitation"",""FAQ"",""ServiceChannel"",""Fee"",""Chunk"",""Proposition""]","[""belongsToDomain"",""belongsToScheme"",""parentCategory"",""appliesToCategory"",""extendsModel"",""classifiedAs"",""usesModel"",""handledBy"",""collaboratesWith"",""requiresMaterial"",""hasCondition"",""hasProcessStep"",""nextStep"",""producesResult"",""citesLegal"",""partOf"",""hasFaq"",""hasChannel"",""hasFee"",""belongsTo"",""hasChunk""]","{""domain_id"":""domain:corporate"",""category_id"":""category:corporate:劳动保障""}","{""required"":[""serviceId"",""domainId"",""categoryId""]}",ACTIVE
model:corporate:医疗卫生,法人服务-医疗卫生知识模型,CATEGORY_PROFILE,domain:corporate,category:corporate:医疗卫生,v1,面向法人服务“医疗卫生”分类的知识模型 Profile,ZwdmxGJ-v0.3,"[""ServiceDomain"",""CategoryScheme"",""ServiceCategory"",""KnowledgeModel"",""GovernmentService"",""Department"",""Material"",""ServiceCondition"",""ProcessStep"",""ServiceResult"",""LegalBasis"",""LegalCitation"",""FAQ"",""ServiceChannel"",""Fee"",""Chunk"",""Proposition""]","[""belongsToDomain"",""belongsToScheme"",""parentCategory"",""appliesToCategory"",""extendsModel"",""classifiedAs"",""usesModel"",""handledBy"",""collaboratesWith"",""requiresMaterial"",""hasCondition"",""hasProcessStep"",""nextStep"",""producesResult"",""citesLegal"",""partOf"",""hasFaq"",""hasChannel"",""hasFee"",""belongsTo"",""hasChunk""]","{""domain_id"":""domain:corporate"",""category_id"":""category:corporate:医疗卫生""}","{""required"":[""serviceId"",""domainId"",""categoryId""]}",ACTIVE
model:corporate:司法公证,法人服务-司法公证知识模型,CATEGORY_PROFILE,domain:corporate,category:corporate:司法公证,v1,面向法人服务“司法公证”分类的知识模型 Profile,ZwdmxGJ-v0.3,"[""ServiceDomain"",""CategoryScheme"",""ServiceCategory"",""KnowledgeModel"",""GovernmentService"",""Department"",""Material"",""ServiceCondition"",""ProcessStep"",""ServiceResult"",""LegalBasis"",""LegalCitation"",""FAQ"",""ServiceChannel"",""Fee"",""Chunk"",""Proposition""]","[""belongsToDomain"",""belongsToScheme"",""parentCategory"",""appliesToCategory"",""extendsModel"",""classifiedAs"",""usesModel"",""handledBy"",""collaboratesWith"",""requiresMaterial"",""hasCondition"",""hasProcessStep"",""nextStep"",""producesResult"",""citesLegal"",""partOf"",""hasFaq"",""hasChannel"",""hasFee"",""belongsTo"",""hasChunk""]","{""domain_id"":""domain:corporate"",""category_id"":""category:corporate:司法公证""}","{""required"":[""serviceId"",""domainId"",""categoryId""]}",ACTIVE
model:corporate:商务贸易,法人服务-商务贸易知识模型,CATEGORY_PROFILE,domain:corporate,category:corporate:商务贸易,v1,面向法人服务“商务贸易”分类的知识模型 Profile,ZwdmxGJ-v0.3,"[""ServiceDomain"",""CategoryScheme"",""ServiceCategory"",""KnowledgeModel"",""GovernmentService"",""Department"",""Material"",""ServiceCondition"",""ProcessStep"",""ServiceResult"",""LegalBasis"",""LegalCitation"",""FAQ"",""ServiceChannel"",""Fee"",""Chunk"",""Proposition""]","[""belongsToDomain"",""belongsToScheme"",""parentCategory"",""appliesToCategory"",""extendsModel"",""classifiedAs"",""usesModel"",""handledBy"",""collaboratesWith"",""requiresMaterial"",""hasCondition"",""hasProcessStep"",""nextStep"",""producesResult"",""citesLegal"",""partOf"",""hasFaq"",""hasChannel"",""hasFee"",""belongsTo"",""hasChunk""]","{""domain_id"":""domain:corporate"",""category_id"":""category:corporate:商务贸易""}","{""required"":[""serviceId"",""domainId"",""categoryId""]}",ACTIVE
model:corporate:国土和规划建设,法人服务-国土和规划建设知识模型,CATEGORY_PROFILE,domain:corporate,category:corporate:国土和规划建设,v1,面向法人服务“国土和规划建设”分类的知识模型 Profile,ZwdmxGJ-v0.3,"[""ServiceDomain"",""CategoryScheme"",""ServiceCategory"",""KnowledgeModel"",""GovernmentService"",""Department"",""Material"",""ServiceCondition"",""ProcessStep"",""ServiceResult"",""LegalBasis"",""LegalCitation"",""FAQ"",""ServiceChannel"",""Fee"",""Chunk"",""Proposition""]","[""belongsToDomain"",""belongsToScheme"",""parentCategory"",""appliesToCategory"",""extendsModel"",""classifiedAs"",""usesModel"",""handledBy"",""collaboratesWith"",""requiresMaterial"",""hasCondition"",""hasProcessStep"",""nextStep"",""producesResult"",""citesLegal"",""partOf"",""hasFaq"",""hasChannel"",""hasFee"",""belongsTo"",""hasChunk""]","{""domain_id"":""domain:corporate"",""category_id"":""category:corporate:国土和规划建设""}","{""required"":[""serviceId"",""domainId"",""categoryId""]}",ACTIVE
model:corporate:土地房产,法人服务-土地房产知识模型,CATEGORY_PROFILE,domain:corporate,category:corporate:土地房产,v1,面向法人服务“土地房产”分类的知识模型 Profile,ZwdmxGJ-v0.3,"[""ServiceDomain"",""CategoryScheme"",""ServiceCategory"",""KnowledgeModel"",""GovernmentService"",""Department"",""Material"",""ServiceCondition"",""ProcessStep"",""ServiceResult"",""LegalBasis"",""LegalCitation"",""FAQ"",""ServiceChannel"",""Fee"",""Chunk"",""Proposition""]","[""belongsToDomain"",""belongsToScheme"",""parentCategory"",""appliesToCategory"",""extendsModel"",""classifiedAs"",""usesModel"",""handledBy"",""collaboratesWith"",""requiresMaterial"",""hasCondition"",""hasProcessStep"",""nextStep"",""producesResult"",""citesLegal"",""partOf"",""hasFaq"",""hasChannel"",""hasFee"",""belongsTo"",""hasChunk""]","{""domain_id"":""domain:corporate"",""category_id"":""category:corporate:土地房产""}","{""required"":[""serviceId"",""domainId"",""categoryId""]}",ACTIVE
model:corporate:地方特色分类,法人服务-地方特色分类知识模型,CATEGORY_PROFILE,domain:corporate,category:corporate:地方特色分类,v1,面向法人服务“地方特色分类”分类的知识模型 Profile,ZwdmxGJ-v0.3,"[""ServiceDomain"",""CategoryScheme"",""ServiceCategory"",""KnowledgeModel"",""GovernmentService"",""Department"",""Material"",""ServiceCondition"",""ProcessStep"",""ServiceResult"",""LegalBasis"",""LegalCitation"",""FAQ"",""ServiceChannel"",""Fee"",""Chunk"",""Proposition""]","[""belongsToDomain"",""belongsToScheme"",""parentCategory"",""appliesToCategory"",""extendsModel"",""classifiedAs"",""usesModel"",""handledBy"",""collaboratesWith"",""requiresMaterial"",""hasCondition"",""hasProcessStep"",""nextStep"",""producesResult"",""citesLegal"",""partOf"",""hasFaq"",""hasChannel"",""hasFee"",""belongsTo"",""hasChunk""]","{""domain_id"":""domain:corporate"",""category_id"":""category:corporate:地方特色分类""}","{""required"":[""serviceId"",""domainId"",""categoryId""]}",ACTIVE
model:corporate:城市综合执法,法人服务-城市综合执法知识模型,CATEGORY_PROFILE,domain:corporate,category:corporate:城市综合执法,v1,面向法人服务“城市综合执法”分类的知识模型 Profile,ZwdmxGJ-v0.3,"[""ServiceDomain"",""CategoryScheme"",""ServiceCategory"",""KnowledgeModel"",""GovernmentService"",""Department"",""Material"",""ServiceCondition"",""ProcessStep"",""ServiceResult"",""LegalBasis"",""LegalCitation"",""FAQ"",""ServiceChannel"",""Fee"",""Chunk"",""Proposition""]","[""belongsToDomain"",""belongsToScheme"",""parentCategory"",""appliesToCategory"",""extendsModel"",""classifiedAs"",""usesModel"",""handledBy"",""collaboratesWith"",""requiresMaterial"",""hasCondition"",""hasProcessStep"",""nextStep"",""producesResult"",""citesLegal"",""partOf"",""hasFaq"",""hasChannel"",""hasFee"",""belongsTo"",""hasChunk""]","{""domain_id"":""domain:corporate"",""category_id"":""category:corporate:城市综合执法""}","{""required"":[""serviceId"",""domainId"",""categoryId""]}",ACTIVE
model:corporate:安全生产,法人服务-安全生产知识模型,CATEGORY_PROFILE,domain:corporate,category:corporate:安全生产,v1,面向法人服务“安全生产”分类的知识模型 Profile,ZwdmxGJ-v0.3,"[""ServiceDomain"",""CategoryScheme"",""ServiceCategory"",""KnowledgeModel"",""GovernmentService"",""Department"",""Material"",""ServiceCondition"",""ProcessStep"",""ServiceResult"",""LegalBasis"",""LegalCitation"",""FAQ"",""ServiceChannel"",""Fee"",""Chunk"",""Proposition""]","[""belongsToDomain"",""belongsToScheme"",""parentCategory"",""appliesToCategory"",""extendsModel"",""classifiedAs"",""usesModel"",""handledBy"",""collaboratesWith"",""requiresMaterial"",""hasCondition"",""hasProcessStep"",""nextStep"",""producesResult"",""citesLegal"",""partOf"",""hasFaq"",""hasChannel"",""hasFee"",""belongsTo"",""hasChunk""]","{""domain_id"":""domain:corporate"",""category_id"":""category:corporate:安全生产""}","{""required"":[""serviceId"",""domainId"",""categoryId""]}",ACTIVE
model:corporate:安全防护,法人服务-安全防护知识模型,CATEGORY_PROFILE,domain:corporate,category:corporate:安全防护,v1,面向法人服务“安全防护”分类的知识模型 Profile,ZwdmxGJ-v0.3,"[""ServiceDomain"",""CategoryScheme"",""ServiceCategory"",""KnowledgeModel"",""GovernmentService"",""Department"",""Material"",""ServiceCondition"",""ProcessStep"",""ServiceResult"",""LegalBasis"",""LegalCitation"",""FAQ"",""ServiceChannel"",""Fee"",""Chunk"",""Proposition""]","[""belongsToDomain"",""belongsToScheme"",""parentCategory"",""appliesToCategory"",""extendsModel"",""classifiedAs"",""usesModel"",""handledBy"",""collaboratesWith"",""requiresMaterial"",""hasCondition"",""hasProcessStep"",""nextStep"",""producesResult"",""citesLegal"",""partOf"",""hasFaq"",""hasChannel"",""hasFee"",""belongsTo"",""hasChunk""]","{""domain_id"":""domain:corporate"",""category_id"":""category:corporate:安全防护""}","{""required"":[""serviceId"",""domainId"",""categoryId""]}",ACTIVE
model:corporate:对外交流,法人服务-对外交流知识模型,CATEGORY_PROFILE,domain:corporate,category:corporate:对外交流,v1,面向法人服务“对外交流”分类的知识模型 Profile,ZwdmxGJ-v0.3,"[""ServiceDomain"",""CategoryScheme"",""ServiceCategory"",""KnowledgeModel"",""GovernmentService"",""Department"",""Material"",""ServiceCondition"",""ProcessStep"",""ServiceResult"",""LegalBasis"",""LegalCitation"",""FAQ"",""ServiceChannel"",""Fee"",""Chunk"",""Proposition""]","[""belongsToDomain"",""belongsToScheme"",""parentCategory"",""appliesToCategory"",""extendsModel"",""classifiedAs"",""usesModel"",""handledBy"",""collaboratesWith"",""requiresMaterial"",""hasCondition"",""hasProcessStep"",""nextStep"",""producesResult"",""citesLegal"",""partOf"",""hasFaq"",""hasChannel"",""hasFee"",""belongsTo"",""hasChunk""]","{""domain_id"":""domain:corporate"",""category_id"":""category:corporate:对外交流""}","{""required"":[""serviceId"",""domainId"",""categoryId""]}",ACTIVE
model:corporate:年审年检,法人服务-年审年检知识模型,CATEGORY_PROFILE,domain:corporate,category:corporate:年审年检,v1,面向法人服务“年审年检”分类的知识模型 Profile,ZwdmxGJ-v0.3,"[""ServiceDomain"",""CategoryScheme"",""ServiceCategory"",""KnowledgeModel"",""GovernmentService"",""Department"",""Material"",""ServiceCondition"",""ProcessStep"",""ServiceResult"",""LegalBasis"",""LegalCitation"",""FAQ"",""ServiceChannel"",""Fee"",""Chunk"",""Proposition""]","[""belongsToDomain"",""belongsToScheme"",""parentCategory"",""appliesToCategory"",""extendsModel"",""classifiedAs"",""usesModel"",""handledBy"",""collaboratesWith"",""requiresMaterial"",""hasCondition"",""hasProcessStep"",""nextStep"",""producesResult"",""citesLegal"",""partOf"",""hasFaq"",""hasChannel"",""hasFee"",""belongsTo"",""hasChunk""]","{""domain_id"":""domain:corporate"",""category_id"":""category:corporate:年审年检""}","{""required"":[""serviceId"",""domainId"",""categoryId""]}",ACTIVE
model:corporate:应对气候变化,法人服务-应对气候变化知识模型,CATEGORY_PROFILE,domain:corporate,category:corporate:应对气候变化,v1,面向法人服务“应对气候变化”分类的知识模型 Profile,ZwdmxGJ-v0.3,"[""ServiceDomain"",""CategoryScheme"",""ServiceCategory"",""KnowledgeModel"",""GovernmentService"",""Department"",""Material"",""ServiceCondition"",""ProcessStep"",""ServiceResult"",""LegalBasis"",""LegalCitation"",""FAQ"",""ServiceChannel"",""Fee"",""Chunk"",""Proposition""]","[""belongsToDomain"",""belongsToScheme"",""parentCategory"",""appliesToCategory"",""extendsModel"",""classifiedAs"",""usesModel"",""handledBy"",""collaboratesWith"",""requiresMaterial"",""hasCondition"",""hasProcessStep"",""nextStep"",""producesResult"",""citesLegal"",""partOf"",""hasFaq"",""hasChannel"",""hasFee"",""belongsTo"",""hasChunk""]","{""domain_id"":""domain:corporate"",""category_id"":""category:corporate:应对气候变化""}","{""required"":[""serviceId"",""domainId"",""categoryId""]}",ACTIVE
model:corporate:建设管理,法人服务-建设管理知识模型,CATEGORY_PROFILE,domain:corporate,category:corporate:建设管理,v1,面向法人服务“建设管理”分类的知识模型 Profile,ZwdmxGJ-v0.3,"[""ServiceDomain"",""CategoryScheme"",""ServiceCategory"",""KnowledgeModel"",""GovernmentService"",""Department"",""Material"",""ServiceCondition"",""ProcessStep"",""ServiceResult"",""LegalBasis"",""LegalCitation"",""FAQ"",""ServiceChannel"",""Fee"",""Chunk"",""Proposition""]","[""belongsToDomain"",""belongsToScheme"",""parentCategory"",""appliesToCategory"",""extendsModel"",""classifiedAs"",""usesModel"",""handledBy"",""collaboratesWith"",""requiresMaterial"",""hasCondition"",""hasProcessStep"",""nextStep"",""producesResult"",""citesLegal"",""partOf"",""hasFaq"",""hasChannel"",""hasFee"",""belongsTo"",""hasChunk""]","{""domain_id"":""domain:corporate"",""category_id"":""category:corporate:建设管理""}","{""required"":[""serviceId"",""domainId"",""categoryId""]}",ACTIVE
model:corporate:投资审批,法人服务-投资审批知识模型,CATEGORY_PROFILE,domain:corporate,category:corporate:投资审批,v1,面向法人服务“投资审批”分类的知识模型 Profile,ZwdmxGJ-v0.3,"[""ServiceDomain"",""CategoryScheme"",""ServiceCategory"",""KnowledgeModel"",""GovernmentService"",""Department"",""Material"",""ServiceCondition"",""ProcessStep"",""ServiceResult"",""LegalBasis"",""LegalCitation"",""FAQ"",""ServiceChannel"",""Fee"",""Chunk"",""Proposition""]","[""belongsToDomain"",""belongsToScheme"",""parentCategory"",""appliesToCategory"",""extendsModel"",""classifiedAs"",""usesModel"",""handledBy"",""collaboratesWith"",""requiresMaterial"",""hasCondition"",""hasProcessStep"",""nextStep"",""producesResult"",""citesLegal"",""partOf"",""hasFaq"",""hasChannel"",""hasFee"",""belongsTo"",""hasChunk""]","{""domain_id"":""domain:corporate"",""category_id"":""category:corporate:投资审批""}","{""required"":[""serviceId"",""domainId"",""categoryId""]}",ACTIVE
model:corporate:抵押质押,法人服务-抵押质押知识模型,CATEGORY_PROFILE,domain:corporate,category:corporate:抵押质押,v1,面向法人服务“抵押质押”分类的知识模型 Profile,ZwdmxGJ-v0.3,"[""ServiceDomain"",""CategoryScheme"",""ServiceCategory"",""KnowledgeModel"",""GovernmentService"",""Department"",""Material"",""ServiceCondition"",""ProcessStep"",""ServiceResult"",""LegalBasis"",""LegalCitation"",""FAQ"",""ServiceChannel"",""Fee"",""Chunk"",""Proposition""]","[""belongsToDomain"",""belongsToScheme"",""parentCategory"",""appliesToCategory"",""extendsModel"",""classifiedAs"",""usesModel"",""handledBy"",""collaboratesWith"",""requiresMaterial"",""hasCondition"",""hasProcessStep"",""nextStep"",""producesResult"",""citesLegal"",""partOf"",""hasFaq"",""hasChannel"",""hasFee"",""belongsTo"",""hasChunk""]","{""domain_id"":""domain:corporate"",""category_id"":""category:corporate:抵押质押""}","{""required"":[""serviceId"",""domainId"",""categoryId""]}",ACTIVE
model:corporate:招标拍卖,法人服务-招标拍卖知识模型,CATEGORY_PROFILE,domain:corporate,category:corporate:招标拍卖,v1,面向法人服务“招标拍卖”分类的知识模型 Profile,ZwdmxGJ-v0.3,"[""ServiceDomain"",""CategoryScheme"",""ServiceCategory"",""KnowledgeModel"",""GovernmentService"",""Department"",""Material"",""ServiceCondition"",""ProcessStep"",""ServiceResult"",""LegalBasis"",""LegalCitation"",""FAQ"",""ServiceChannel"",""Fee"",""Chunk"",""Proposition""]","[""belongsToDomain"",""belongsToScheme"",""parentCategory"",""appliesToCategory"",""extendsModel"",""classifiedAs"",""usesModel"",""handledBy"",""collaboratesWith"",""requiresMaterial"",""hasCondition"",""hasProcessStep"",""nextStep"",""producesResult"",""citesLegal"",""partOf"",""hasFaq"",""hasChannel"",""hasFee"",""belongsTo"",""hasChunk""]","{""domain_id"":""domain:corporate"",""category_id"":""category:corporate:招标拍卖""}","{""required"":[""serviceId"",""domainId"",""categoryId""]}",ACTIVE
model:corporate:文体教育,法人服务-文体教育知识模型,CATEGORY_PROFILE,domain:corporate,category:corporate:文体教育,v1,面向法人服务“文体教育”分类的知识模型 Profile,ZwdmxGJ-v0.3,"[""ServiceDomain"",""CategoryScheme"",""ServiceCategory"",""KnowledgeModel"",""GovernmentService"",""Department"",""Material"",""ServiceCondition"",""ProcessStep"",""ServiceResult"",""LegalBasis"",""LegalCitation"",""FAQ"",""ServiceChannel"",""Fee"",""Chunk"",""Proposition""]","[""belongsToDomain"",""belongsToScheme"",""parentCategory"",""appliesToCategory"",""extendsModel"",""classifiedAs"",""usesModel"",""handledBy"",""collaboratesWith"",""requiresMaterial"",""hasCondition"",""hasProcessStep"",""nextStep"",""producesResult"",""citesLegal"",""partOf"",""hasFaq"",""hasChannel"",""hasFee"",""belongsTo"",""hasChunk""]","{""domain_id"":""domain:corporate"",""category_id"":""category:corporate:文体教育""}","{""required"":[""serviceId"",""domainId"",""categoryId""]}",ACTIVE
model:corporate:文物保护,法人服务-文物保护知识模型,CATEGORY_PROFILE,domain:corporate,category:corporate:文物保护,v1,面向法人服务“文物保护”分类的知识模型 Profile,ZwdmxGJ-v0.3,"[""ServiceDomain"",""CategoryScheme"",""ServiceCategory"",""KnowledgeModel"",""GovernmentService"",""Department"",""Material"",""ServiceCondition"",""ProcessStep"",""ServiceResult"",""LegalBasis"",""LegalCitation"",""FAQ"",""ServiceChannel"",""Fee"",""Chunk"",""Proposition""]","[""belongsToDomain"",""belongsToScheme"",""parentCategory"",""appliesToCategory"",""extendsModel"",""classifiedAs"",""usesModel"",""handledBy"",""collaboratesWith"",""requiresMaterial"",""hasCondition"",""hasProcessStep"",""nextStep"",""producesResult"",""citesLegal"",""partOf"",""hasFaq"",""hasChannel"",""hasFee"",""belongsTo"",""hasChunk""]","{""domain_id"":""domain:corporate"",""category_id"":""category:corporate:文物保护""}","{""required"":[""serviceId"",""domainId"",""categoryId""]}",ACTIVE
model:corporate:新闻广电,法人服务-新闻广电知识模型,CATEGORY_PROFILE,domain:corporate,category:corporate:新闻广电,v1,面向法人服务“新闻广电”分类的知识模型 Profile,ZwdmxGJ-v0.3,"[""ServiceDomain"",""CategoryScheme"",""ServiceCategory"",""KnowledgeModel"",""GovernmentService"",""Department"",""Material"",""ServiceCondition"",""ProcessStep"",""ServiceResult"",""LegalBasis"",""LegalCitation"",""FAQ"",""ServiceChannel"",""Fee"",""Chunk"",""Proposition""]","[""belongsToDomain"",""belongsToScheme"",""parentCategory"",""appliesToCategory"",""extendsModel"",""classifiedAs"",""usesModel"",""handledBy"",""collaboratesWith"",""requiresMaterial"",""hasCondition"",""hasProcessStep"",""nextStep"",""producesResult"",""citesLegal"",""partOf"",""hasFaq"",""hasChannel"",""hasFee"",""belongsTo"",""hasChunk""]","{""domain_id"":""domain:corporate"",""category_id"":""category:corporate:新闻广电""}","{""required"":[""serviceId"",""domainId"",""categoryId""]}",ACTIVE
model:corporate:档案文物,法人服务-档案文物知识模型,CATEGORY_PROFILE,domain:corporate,category:corporate:档案文物,v1,面向法人服务“档案文物”分类的知识模型 Profile,ZwdmxGJ-v0.3,"[""ServiceDomain"",""CategoryScheme"",""ServiceCategory"",""KnowledgeModel"",""GovernmentService"",""Department"",""Material"",""ServiceCondition"",""ProcessStep"",""ServiceResult"",""LegalBasis"",""LegalCitation"",""FAQ"",""ServiceChannel"",""Fee"",""Chunk"",""Proposition""]","[""belongsToDomain"",""belongsToScheme"",""parentCategory"",""appliesToCategory"",""extendsModel"",""classifiedAs"",""usesModel"",""handledBy"",""collaboratesWith"",""requiresMaterial"",""hasCondition"",""hasProcessStep"",""nextStep"",""producesResult"",""citesLegal"",""partOf"",""hasFaq"",""hasChannel"",""hasFee"",""belongsTo"",""hasChunk""]","{""domain_id"":""domain:corporate"",""category_id"":""category:corporate:档案文物""}","{""required"":[""serviceId"",""domainId"",""categoryId""]}",ACTIVE
model:corporate:检验检疫,法人服务-检验检疫知识模型,CATEGORY_PROFILE,domain:corporate,category:corporate:检验检疫,v1,面向法人服务“检验检疫”分类的知识模型 Profile,ZwdmxGJ-v0.3,"[""ServiceDomain"",""CategoryScheme"",""ServiceCategory"",""KnowledgeModel"",""GovernmentService"",""Department"",""Material"",""ServiceCondition"",""ProcessStep"",""ServiceResult"",""LegalBasis"",""LegalCitation"",""FAQ"",""ServiceChannel"",""Fee"",""Chunk"",""Proposition""]","[""belongsToDomain"",""belongsToScheme"",""parentCategory"",""appliesToCategory"",""extendsModel"",""classifiedAs"",""usesModel"",""handledBy"",""collaboratesWith"",""requiresMaterial"",""hasCondition"",""hasProcessStep"",""nextStep"",""producesResult"",""citesLegal"",""partOf"",""hasFaq"",""hasChannel"",""hasFee"",""belongsTo"",""hasChunk""]","{""domain_id"":""domain:corporate"",""category_id"":""category:corporate:检验检疫""}","{""required"":[""serviceId"",""domainId"",""categoryId""]}",ACTIVE
model:corporate:民族宗教,法人服务-民族宗教知识模型,CATEGORY_PROFILE,domain:corporate,category:corporate:民族宗教,v1,面向法人服务“民族宗教”分类的知识模型 Profile,ZwdmxGJ-v0.3,"[""ServiceDomain"",""CategoryScheme"",""ServiceCategory"",""KnowledgeModel"",""GovernmentService"",""Department"",""Material"",""ServiceCondition"",""ProcessStep"",""ServiceResult"",""LegalBasis"",""LegalCitation"",""FAQ"",""ServiceChannel"",""Fee"",""Chunk"",""Proposition""]","[""belongsToDomain"",""belongsToScheme"",""parentCategory"",""appliesToCategory"",""extendsModel"",""classifiedAs"",""usesModel"",""handledBy"",""collaboratesWith"",""requiresMaterial"",""hasCondition"",""hasProcessStep"",""nextStep"",""producesResult"",""citesLegal"",""partOf"",""hasFaq"",""hasChannel"",""hasFee"",""belongsTo"",""hasChunk""]","{""domain_id"":""domain:corporate"",""category_id"":""category:corporate:民族宗教""}","{""required"":[""serviceId"",""domainId"",""categoryId""]}",ACTIVE
model:corporate:水利水务,法人服务-水利水务知识模型,CATEGORY_PROFILE,domain:corporate,category:corporate:水利水务,v1,面向法人服务“水利水务”分类的知识模型 Profile,ZwdmxGJ-v0.3,"[""ServiceDomain"",""CategoryScheme"",""ServiceCategory"",""KnowledgeModel"",""GovernmentService"",""Department"",""Material"",""ServiceCondition"",""ProcessStep"",""ServiceResult"",""LegalBasis"",""LegalCitation"",""FAQ"",""ServiceChannel"",""Fee"",""Chunk"",""Proposition""]","[""belongsToDomain"",""belongsToScheme"",""parentCategory"",""appliesToCategory"",""extendsModel"",""classifiedAs"",""usesModel"",""handledBy"",""collaboratesWith"",""requiresMaterial"",""hasCondition"",""hasProcessStep"",""nextStep"",""producesResult"",""citesLegal"",""partOf"",""hasFaq"",""hasChannel"",""hasFee"",""belongsTo"",""hasChunk""]","{""domain_id"":""domain:corporate"",""category_id"":""category:corporate:水利水务""}","{""required"":[""serviceId"",""domainId"",""categoryId""]}",ACTIVE
model:corporate:水务气象,法人服务-水务气象知识模型,CATEGORY_PROFILE,domain:corporate,category:corporate:水务气象,v1,面向法人服务“水务气象”分类的知识模型 Profile,ZwdmxGJ-v0.3,"[""ServiceDomain"",""CategoryScheme"",""ServiceCategory"",""KnowledgeModel"",""GovernmentService"",""Department"",""Material"",""ServiceCondition"",""ProcessStep"",""ServiceResult"",""LegalBasis"",""LegalCitation"",""FAQ"",""ServiceChannel"",""Fee"",""Chunk"",""Proposition""]","[""belongsToDomain"",""belongsToScheme"",""parentCategory"",""appliesToCategory"",""extendsModel"",""classifiedAs"",""usesModel"",""handledBy"",""collaboratesWith"",""requiresMaterial"",""hasCondition"",""hasProcessStep"",""nextStep"",""producesResult"",""citesLegal"",""partOf"",""hasFaq"",""hasChannel"",""hasFee"",""belongsTo"",""hasChunk""]","{""domain_id"":""domain:corporate"",""category_id"":""category:corporate:水务气象""}","{""required"":[""serviceId"",""domainId"",""categoryId""]}",ACTIVE
model:corporate:法人注销,法人服务-法人注销知识模型,CATEGORY_PROFILE,domain:corporate,category:corporate:法人注销,v1,面向法人服务“法人注销”分类的知识模型 Profile,ZwdmxGJ-v0.3,"[""ServiceDomain"",""CategoryScheme"",""ServiceCategory"",""KnowledgeModel"",""GovernmentService"",""Department"",""Material"",""ServiceCondition"",""ProcessStep"",""ServiceResult"",""LegalBasis"",""LegalCitation"",""FAQ"",""ServiceChannel"",""Fee"",""Chunk"",""Proposition""]","[""belongsToDomain"",""belongsToScheme"",""parentCategory"",""appliesToCategory"",""extendsModel"",""classifiedAs"",""usesModel"",""handledBy"",""collaboratesWith"",""requiresMaterial"",""hasCondition"",""hasProcessStep"",""nextStep"",""producesResult"",""citesLegal"",""partOf"",""hasFaq"",""hasChannel"",""hasFee"",""belongsTo"",""hasChunk""]","{""domain_id"":""domain:corporate"",""category_id"":""category:corporate:法人注销""}","{""required"":[""serviceId"",""domainId"",""categoryId""]}",ACTIVE
model:corporate:海关口岸,法人服务-海关口岸知识模型,CATEGORY_PROFILE,domain:corporate,category:corporate:海关口岸,v1,面向法人服务“海关口岸”分类的知识模型 Profile,ZwdmxGJ-v0.3,"[""ServiceDomain"",""CategoryScheme"",""ServiceCategory"",""KnowledgeModel"",""GovernmentService"",""Department"",""Material"",""ServiceCondition"",""ProcessStep"",""ServiceResult"",""LegalBasis"",""LegalCitation"",""FAQ"",""ServiceChannel"",""Fee"",""Chunk"",""Proposition""]","[""belongsToDomain"",""belongsToScheme"",""parentCategory"",""appliesToCategory"",""extendsModel"",""classifiedAs"",""usesModel"",""handledBy"",""collaboratesWith"",""requiresMaterial"",""hasCondition"",""hasProcessStep"",""nextStep"",""producesResult"",""citesLegal"",""partOf"",""hasFaq"",""hasChannel"",""hasFee"",""belongsTo"",""hasChunk""]","{""domain_id"":""domain:corporate"",""category_id"":""category:corporate:海关口岸""}","{""required"":[""serviceId"",""domainId"",""categoryId""]}",ACTIVE
model:corporate:涉外服务,法人服务-涉外服务知识模型,CATEGORY_PROFILE,domain:corporate,category:corporate:涉外服务,v1,面向法人服务“涉外服务”分类的知识模型 Profile,ZwdmxGJ-v0.3,"[""ServiceDomain"",""CategoryScheme"",""ServiceCategory"",""KnowledgeModel"",""GovernmentService"",""Department"",""Material"",""ServiceCondition"",""ProcessStep"",""ServiceResult"",""LegalBasis"",""LegalCitation"",""FAQ"",""ServiceChannel"",""Fee"",""Chunk"",""Proposition""]","[""belongsToDomain"",""belongsToScheme"",""parentCategory"",""appliesToCategory"",""extendsModel"",""classifiedAs"",""usesModel"",""handledBy"",""collaboratesWith"",""requiresMaterial"",""hasCondition"",""hasProcessStep"",""nextStep"",""producesResult"",""citesLegal"",""partOf"",""hasFaq"",""hasChannel"",""hasFee"",""belongsTo"",""hasChunk""]","{""domain_id"":""domain:corporate"",""category_id"":""category:corporate:涉外服务""}","{""required"":[""serviceId"",""domainId"",""categoryId""]}",ACTIVE
model:corporate:环保绿化,法人服务-环保绿化知识模型,CATEGORY_PROFILE,domain:corporate,category:corporate:环保绿化,v1,面向法人服务“环保绿化”分类的知识模型 Profile,ZwdmxGJ-v0.3,"[""ServiceDomain"",""CategoryScheme"",""ServiceCategory"",""KnowledgeModel"",""GovernmentService"",""Department"",""Material"",""ServiceCondition"",""ProcessStep"",""ServiceResult"",""LegalBasis"",""LegalCitation"",""FAQ"",""ServiceChannel"",""Fee"",""Chunk"",""Proposition""]","[""belongsToDomain"",""belongsToScheme"",""parentCategory"",""appliesToCategory"",""extendsModel"",""classifiedAs"",""usesModel"",""handledBy"",""collaboratesWith"",""requiresMaterial"",""hasCondition"",""hasProcessStep"",""nextStep"",""producesResult"",""citesLegal"",""partOf"",""hasFaq"",""hasChannel"",""hasFee"",""belongsTo"",""hasChunk""]","{""domain_id"":""domain:corporate"",""category_id"":""category:corporate:环保绿化""}","{""required"":[""serviceId"",""domainId"",""categoryId""]}",ACTIVE
model:corporate:知识产权,法人服务-知识产权知识模型,CATEGORY_PROFILE,domain:corporate,category:corporate:知识产权,v1,面向法人服务“知识产权”分类的知识模型 Profile,ZwdmxGJ-v0.3,"[""ServiceDomain"",""CategoryScheme"",""ServiceCategory"",""KnowledgeModel"",""GovernmentService"",""Department"",""Material"",""ServiceCondition"",""ProcessStep"",""ServiceResult"",""LegalBasis"",""LegalCitation"",""FAQ"",""ServiceChannel"",""Fee"",""Chunk"",""Proposition""]","[""belongsToDomain"",""belongsToScheme"",""parentCategory"",""appliesToCategory"",""extendsModel"",""classifiedAs"",""usesModel"",""handledBy"",""collaboratesWith"",""requiresMaterial"",""hasCondition"",""hasProcessStep"",""nextStep"",""producesResult"",""citesLegal"",""partOf"",""hasFaq"",""hasChannel"",""hasFee"",""belongsTo"",""hasChunk""]","{""domain_id"":""domain:corporate"",""category_id"":""category:corporate:知识产权""}","{""required"":[""serviceId"",""domainId"",""categoryId""]}",ACTIVE
model:corporate:破产注销,法人服务-破产注销知识模型,CATEGORY_PROFILE,domain:corporate,category:corporate:破产注销,v1,面向法人服务“破产注销”分类的知识模型 Profile,ZwdmxGJ-v0.3,"[""ServiceDomain"",""CategoryScheme"",""ServiceCategory"",""KnowledgeModel"",""GovernmentService"",""Department"",""Material"",""ServiceCondition"",""ProcessStep"",""ServiceResult"",""LegalBasis"",""LegalCitation"",""FAQ"",""ServiceChannel"",""Fee"",""Chunk"",""Proposition""]","[""belongsToDomain"",""belongsToScheme"",""parentCategory"",""appliesToCategory"",""extendsModel"",""classifiedAs"",""usesModel"",""handledBy"",""collaboratesWith"",""requiresMaterial"",""hasCondition"",""hasProcessStep"",""nextStep"",""producesResult"",""citesLegal"",""partOf"",""hasFaq"",""hasChannel"",""hasFee"",""belongsTo"",""hasChunk""]","{""domain_id"":""domain:corporate"",""category_id"":""category:corporate:破产注销""}","{""required"":[""serviceId"",""domainId"",""categoryId""]}",ACTIVE
model:corporate:社会保障,法人服务-社会保障知识模型,CATEGORY_PROFILE,domain:corporate,category:corporate:社会保障,v1,面向法人服务“社会保障”分类的知识模型 Profile,ZwdmxGJ-v0.3,"[""ServiceDomain"",""CategoryScheme"",""ServiceCategory"",""KnowledgeModel"",""GovernmentService"",""Department"",""Material"",""ServiceCondition"",""ProcessStep"",""ServiceResult"",""LegalBasis"",""LegalCitation"",""FAQ"",""ServiceChannel"",""Fee"",""Chunk"",""Proposition""]","[""belongsToDomain"",""belongsToScheme"",""parentCategory"",""appliesToCategory"",""extendsModel"",""classifiedAs"",""usesModel"",""handledBy"",""collaboratesWith"",""requiresMaterial"",""hasCondition"",""hasProcessStep"",""nextStep"",""producesResult"",""citesLegal"",""partOf"",""hasFaq"",""hasChannel"",""hasFee"",""belongsTo"",""hasChunk""]","{""domain_id"":""domain:corporate"",""category_id"":""category:corporate:社会保障""}","{""required"":[""serviceId"",""domainId"",""categoryId""]}",ACTIVE
model:corporate:科技创新,法人服务-科技创新知识模型,CATEGORY_PROFILE,domain:corporate,category:corporate:科技创新,v1,面向法人服务“科技创新”分类的知识模型 Profile,ZwdmxGJ-v0.3,"[""ServiceDomain"",""CategoryScheme"",""ServiceCategory"",""KnowledgeModel"",""GovernmentService"",""Department"",""Material"",""ServiceCondition"",""ProcessStep"",""ServiceResult"",""LegalBasis"",""LegalCitation"",""FAQ"",""ServiceChannel"",""Fee"",""Chunk"",""Proposition""]","[""belongsToDomain"",""belongsToScheme"",""parentCategory"",""appliesToCategory"",""extendsModel"",""classifiedAs"",""usesModel"",""handledBy"",""collaboratesWith"",""requiresMaterial"",""hasCondition"",""hasProcessStep"",""nextStep"",""producesResult"",""citesLegal"",""partOf"",""hasFaq"",""hasChannel"",""hasFee"",""belongsTo"",""hasChunk""]","{""domain_id"":""domain:corporate"",""category_id"":""category:corporate:科技创新""}","{""required"":[""serviceId"",""domainId"",""categoryId""]}",ACTIVE
model:corporate:立项审批,法人服务-立项审批知识模型,CATEGORY_PROFILE,domain:corporate,category:corporate:立项审批,v1,面向法人服务“立项审批”分类的知识模型 Profile,ZwdmxGJ-v0.3,"[""ServiceDomain"",""CategoryScheme"",""ServiceCategory"",""KnowledgeModel"",""GovernmentService"",""Department"",""Material"",""ServiceCondition"",""ProcessStep"",""ServiceResult"",""LegalBasis"",""LegalCitation"",""FAQ"",""ServiceChannel"",""Fee"",""Chunk"",""Proposition""]","[""belongsToDomain"",""belongsToScheme"",""parentCategory"",""appliesToCategory"",""extendsModel"",""classifiedAs"",""usesModel"",""handledBy"",""collaboratesWith"",""requiresMaterial"",""hasCondition"",""hasProcessStep"",""nextStep"",""producesResult"",""citesLegal"",""partOf"",""hasFaq"",""hasChannel"",""hasFee"",""belongsTo"",""hasChunk""]","{""domain_id"":""domain:corporate"",""category_id"":""category:corporate:立项审批""}","{""required"":[""serviceId"",""domainId"",""categoryId""]}",ACTIVE
model:corporate:融资信贷,法人服务-融资信贷知识模型,CATEGORY_PROFILE,domain:corporate,category:corporate:融资信贷,v1,面向法人服务“融资信贷”分类的知识模型 Profile,ZwdmxGJ-v0.3,"[""ServiceDomain"",""CategoryScheme"",""ServiceCategory"",""KnowledgeModel"",""GovernmentService"",""Department"",""Material"",""ServiceCondition"",""ProcessStep"",""ServiceResult"",""LegalBasis"",""LegalCitation"",""FAQ"",""ServiceChannel"",""Fee"",""Chunk"",""Proposition""]","[""belongsToDomain"",""belongsToScheme"",""parentCategory"",""appliesToCategory"",""extendsModel"",""classifiedAs"",""usesModel"",""handledBy"",""collaboratesWith"",""requiresMaterial"",""hasCondition"",""hasProcessStep"",""nextStep"",""producesResult"",""citesLegal"",""partOf"",""hasFaq"",""hasChannel"",""hasFee"",""belongsTo"",""hasChunk""]","{""domain_id"":""domain:corporate"",""category_id"":""category:corporate:融资信贷""}","{""required"":[""serviceId"",""domainId"",""categoryId""]}",ACTIVE
model:corporate:设立变更,法人服务-设立变更知识模型,CATEGORY_PROFILE,domain:corporate,category:corporate:设立变更,v1,面向法人服务“设立变更”分类的知识模型 Profile,ZwdmxGJ-v0.3,"[""ServiceDomain"",""CategoryScheme"",""ServiceCategory"",""KnowledgeModel"",""GovernmentService"",""Department"",""Material"",""ServiceCondition"",""ProcessStep"",""ServiceResult"",""LegalBasis"",""LegalCitation"",""FAQ"",""ServiceChannel"",""Fee"",""Chunk"",""Proposition""]","[""belongsToDomain"",""belongsToScheme"",""parentCategory"",""appliesToCategory"",""extendsModel"",""classifiedAs"",""usesModel"",""handledBy"",""collaboratesWith"",""requiresMaterial"",""hasCondition"",""hasProcessStep"",""nextStep"",""producesResult"",""citesLegal"",""partOf"",""hasFaq"",""hasChannel"",""hasFee"",""belongsTo"",""hasChunk""]","{""domain_id"":""domain:corporate"",""category_id"":""category:corporate:设立变更""}","{""required"":[""serviceId"",""domainId"",""categoryId""]}",ACTIVE
model:corporate:财务税务,法人服务-财务税务知识模型,CATEGORY_PROFILE,domain:corporate,category:corporate:财务税务,v1,面向法人服务“财务税务”分类的知识模型 Profile,ZwdmxGJ-v0.3,"[""ServiceDomain"",""CategoryScheme"",""ServiceCategory"",""KnowledgeModel"",""GovernmentService"",""Department"",""Material"",""ServiceCondition"",""ProcessStep"",""ServiceResult"",""LegalBasis"",""LegalCitation"",""FAQ"",""ServiceChannel"",""Fee"",""Chunk"",""Proposition""]","[""belongsToDomain"",""belongsToScheme"",""parentCategory"",""appliesToCategory"",""extendsModel"",""classifiedAs"",""usesModel"",""handledBy"",""collaboratesWith"",""requiresMaterial"",""hasCondition"",""hasProcessStep"",""nextStep"",""producesResult"",""citesLegal"",""partOf"",""hasFaq"",""hasChannel"",""hasFee"",""belongsTo"",""hasChunk""]","{""domain_id"":""domain:corporate"",""category_id"":""category:corporate:财务税务""}","{""required"":[""serviceId"",""domainId"",""categoryId""]}",ACTIVE
model:corporate:质量技术,法人服务-质量技术知识模型,CATEGORY_PROFILE,domain:corporate,category:corporate:质量技术,v1,面向法人服务“质量技术”分类的知识模型 Profile,ZwdmxGJ-v0.3,"[""ServiceDomain"",""CategoryScheme"",""ServiceCategory"",""KnowledgeModel"",""GovernmentService"",""Department"",""Material"",""ServiceCondition"",""ProcessStep"",""ServiceResult"",""LegalBasis"",""LegalCitation"",""FAQ"",""ServiceChannel"",""Fee"",""Chunk"",""Proposition""]","[""belongsToDomain"",""belongsToScheme"",""parentCategory"",""appliesToCategory"",""extendsModel"",""classifiedAs"",""usesModel"",""handledBy"",""collaboratesWith"",""requiresMaterial"",""hasCondition"",""hasProcessStep"",""nextStep"",""producesResult"",""citesLegal"",""partOf"",""hasFaq"",""hasChannel"",""hasFee"",""belongsTo"",""hasChunk""]","{""domain_id"":""domain:corporate"",""category_id"":""category:corporate:质量技术""}","{""required"":[""serviceId"",""domainId"",""categoryId""]}",ACTIVE
model:corporate:质量检查,法人服务-质量检查知识模型,CATEGORY_PROFILE,domain:corporate,category:corporate:质量检查,v1,面向法人服务“质量检查”分类的知识模型 Profile,ZwdmxGJ-v0.3,"[""ServiceDomain"",""CategoryScheme"",""ServiceCategory"",""KnowledgeModel"",""GovernmentService"",""Department"",""Material"",""ServiceCondition"",""ProcessStep"",""ServiceResult"",""LegalBasis"",""LegalCitation"",""FAQ"",""ServiceChannel"",""Fee"",""Chunk"",""Proposition""]","[""belongsToDomain"",""belongsToScheme"",""parentCategory"",""appliesToCategory"",""extendsModel"",""classifiedAs"",""usesModel"",""handledBy"",""collaboratesWith"",""requiresMaterial"",""hasCondition"",""hasProcessStep"",""nextStep"",""producesResult"",""citesLegal"",""partOf"",""hasFaq"",""hasChannel"",""hasFee"",""belongsTo"",""hasChunk""]","{""domain_id"":""domain:corporate"",""category_id"":""category:corporate:质量检查""}","{""required"":[""serviceId"",""domainId"",""categoryId""]}",ACTIVE
model:corporate:资质认证,法人服务-资质认证知识模型,CATEGORY_PROFILE,domain:corporate,category:corporate:资质认证,v1,面向法人服务“资质认证”分类的知识模型 Profile,ZwdmxGJ-v0.3,"[""ServiceDomain"",""CategoryScheme"",""ServiceCategory"",""KnowledgeModel"",""GovernmentService"",""Department"",""Material"",""ServiceCondition"",""ProcessStep"",""ServiceResult"",""LegalBasis"",""LegalCitation"",""FAQ"",""ServiceChannel"",""Fee"",""Chunk"",""Proposition""]","[""belongsToDomain"",""belongsToScheme"",""parentCategory"",""appliesToCategory"",""extendsModel"",""classifiedAs"",""usesModel"",""handledBy"",""collaboratesWith"",""requiresMaterial"",""hasCondition"",""hasProcessStep"",""nextStep"",""producesResult"",""citesLegal"",""partOf"",""hasFaq"",""hasChannel"",""hasFee"",""belongsTo"",""hasChunk""]","{""domain_id"":""domain:corporate"",""category_id"":""category:corporate:资质认证""}","{""required"":[""serviceId"",""domainId"",""categoryId""]}",ACTIVE
model:corporate:金融投资,法人服务-金融投资知识模型,CATEGORY_PROFILE,domain:corporate,category:corporate:金融投资,v1,面向法人服务“金融投资”分类的知识模型 Profile,ZwdmxGJ-v0.3,"[""ServiceDomain"",""CategoryScheme"",""ServiceCategory"",""KnowledgeModel"",""GovernmentService"",""Department"",""Material"",""ServiceCondition"",""ProcessStep"",""ServiceResult"",""LegalBasis"",""LegalCitation"",""FAQ"",""ServiceChannel"",""Fee"",""Chunk"",""Proposition""]","[""belongsToDomain"",""belongsToScheme"",""parentCategory"",""appliesToCategory"",""extendsModel"",""classifiedAs"",""usesModel"",""handledBy"",""collaboratesWith"",""requiresMaterial"",""hasCondition"",""hasProcessStep"",""nextStep"",""producesResult"",""citesLegal"",""partOf"",""hasFaq"",""hasChannel"",""hasFee"",""belongsTo"",""hasChunk""]","{""domain_id"":""domain:corporate"",""category_id"":""category:corporate:金融投资""}","{""required"":[""serviceId"",""domainId"",""categoryId""]}",ACTIVE
model:corporate:食品药品,法人服务-食品药品知识模型,CATEGORY_PROFILE,domain:corporate,category:corporate:食品药品,v1,面向法人服务“食品药品”分类的知识模型 Profile,ZwdmxGJ-v0.3,"[""ServiceDomain"",""CategoryScheme"",""ServiceCategory"",""KnowledgeModel"",""GovernmentService"",""Department"",""Material"",""ServiceCondition"",""ProcessStep"",""ServiceResult"",""LegalBasis"",""LegalCitation"",""FAQ"",""ServiceChannel"",""Fee"",""Chunk"",""Proposition""]","[""belongsToDomain"",""belongsToScheme"",""parentCategory"",""appliesToCategory"",""extendsModel"",""classifiedAs"",""usesModel"",""handledBy"",""collaboratesWith"",""requiresMaterial"",""hasCondition"",""hasProcessStep"",""nextStep"",""producesResult"",""citesLegal"",""partOf"",""hasFaq"",""hasChannel"",""hasFee"",""belongsTo"",""hasChunk""]","{""domain_id"":""domain:corporate"",""category_id"":""category:corporate:食品药品""}","{""required"":[""serviceId"",""domainId"",""categoryId""]}",ACTIVE
