category_id,name,category_level,parent_category_id,scheme_id,domain_id,description,status,version
category:corporate:根分类,法人服务,1,,scheme:corporate_subject,domain:corporate,法人服务根分类,ACTIVE,v1
category:corporate:交通运输,交通运输,2,category:corporate:根分类,scheme:corporate_subject,domain:corporate,法人服务：交通运输,ACTIVE,v1
category:corporate:人力资源,人力资源,2,category:corporate:根分类,scheme:corporate_subject,domain:corporate,法人服务：人力资源,ACTIVE,v1
category:corporate:公安消防,公安消防,2,category:corporate:根分类,scheme:corporate_subject,domain:corporate,法人服务：公安消防,ACTIVE,v1
category:corporate:公用事业,公用事业,2,category:corporate:根分类,scheme:corporate_subject,domain:corporate,法人服务：公用事业,ACTIVE,v1
category:corporate:其他,其他,2,category:corporate:根分类,scheme:corporate_subject,domain:corporate,法人服务：其他,ACTIVE,v1
category:corporate:农林牧渔,农林牧渔,2,category:corporate:根分类,scheme:corporate_subject,domain:corporate,法人服务：农林牧渔,ACTIVE,v1
category:corporate:准营准办,准营准办,2,category:corporate:根分类,scheme:corporate_subject,domain:corporate,法人服务：准营准办,ACTIVE,v1
category:corporate:劳动保障,劳动保障,2,category:corporate:根分类,scheme:corporate_subject,domain:corporate,法人服务：劳动保障,ACTIVE,v1
category:corporate:医疗卫生,医疗卫生,2,category:corporate:根分类,scheme:corporate_subject,domain:corporate,法人服务：医疗卫生,ACTIVE,v1
category:corporate:司法公证,司法公证,2,category:corporate:根分类,scheme:corporate_subject,domain:corporate,法人服务：司法公证,ACTIVE,v1
category:corporate:商务贸易,商务贸易,2,category:corporate:根分类,scheme:corporate_subject,domain:corporate,法人服务：商务贸易,ACTIVE,v1
category:corporate:国土和规划建设,国土和规划建设,2,category:corporate:根分类,scheme:corporate_subject,domain:corporate,法人服务：国土和规划建设,ACTIVE,v1
category:corporate:土地房产,土地房产,2,category:corporate:根分类,scheme:corporate_subject,domain:corporate,法人服务：土地房产,ACTIVE,v1
category:corporate:地方特色分类,地方特色分类,2,category:corporate:根分类,scheme:corporate_subject,domain:corporate,法人服务：地方特色分类,ACTIVE,v1
category:corporate:城市综合执法,城市综合执法,2,category:corporate:根分类,scheme:corporate_subject,domain:corporate,法人服务：城市综合执法,ACTIVE,v1
category:corporate:安全生产,安全生产,2,category:corporate:根分类,scheme:corporate_subject,domain:corporate,法人服务：安全生产,ACTIVE,v1
category:corporate:安全防护,安全防护,2,category:corporate:根分类,scheme:corporate_subject,domain:corporate,法人服务：安全防护,ACTIVE,v1
category:corporate:对外交流,对外交流,2,category:corporate:根分类,scheme:corporate_subject,domain:corporate,法人服务：对外交流,ACTIVE,v1
category:corporate:年审年检,年审年检,2,category:corporate:根分类,scheme:corporate_subject,domain:corporate,法人服务：年审年检,ACTIVE,v1
category:corporate:应对气候变化,应对气候变化,2,category:corporate:根分类,scheme:corporate_subject,domain:corporate,法人服务：应对气候变化,ACTIVE,v1
category:corporate:建设管理,建设管理,2,category:corporate:根分类,scheme:corporate_subject,domain:corporate,法人服务：建设管理,ACTIVE,v1
category:corporate:投资审批,投资审批,2,category:corporate:根分类,scheme:corporate_subject,domain:corporate,法人服务：投资审批,ACTIVE,v1
category:corporate:抵押质押,抵押质押,2,category:corporate:根分类,scheme:corporate_subject,domain:corporate,法人服务：抵押质押,ACTIVE,v1
category:corporate:招标拍卖,招标拍卖,2,category:corporate:根分类,scheme:corporate_subject,domain:corporate,法人服务：招标拍卖,ACTIVE,v1
category:corporate:文体教育,文体教育,2,category:corporate:根分类,scheme:corporate_subject,domain:corporate,法人服务：文体教育,ACTIVE,v1
category:corporate:文物保护,文物保护,2,category:corporate:根分类,scheme:corporate_subject,domain:corporate,法人服务：文物保护,ACTIVE,v1
category:corporate:新闻广电,新闻广电,2,category:corporate:根分类,scheme:corporate_subject,domain:corporate,法人服务：新闻广电,ACTIVE,v1
category:corporate:档案文物,档案文物,2,category:corporate:根分类,scheme:corporate_subject,domain:corporate,法人服务：档案文物,ACTIVE,v1
category:corporate:检验检疫,检验检疫,2,category:corporate:根分类,scheme:corporate_subject,domain:corporate,法人服务：检验检疫,ACTIVE,v1
category:corporate:民族宗教,民族宗教,2,category:corporate:根分类,scheme:corporate_subject,domain:corporate,法人服务：民族宗教,ACTIVE,v1
category:corporate:水利水务,水利水务,2,category:corporate:根分类,scheme:corporate_subject,domain:corporate,法人服务：水利水务,ACTIVE,v1
category:corporate:水务气象,水务气象,2,category:corporate:根分类,scheme:corporate_subject,domain:corporate,法人服务：水务气象,ACTIVE,v1
category:corporate:法人注销,法人注销,2,category:corporate:根分类,scheme:corporate_subject,domain:corporate,法人服务：法人注销,ACTIVE,v1
category:corporate:海关口岸,海关口岸,2,category:corporate:根分类,scheme:corporate_subject,domain:corporate,法人服务：海关口岸,ACTIVE,v1
category:corporate:涉外服务,涉外服务,2,category:corporate:根分类,scheme:corporate_subject,domain:corporate,法人服务：涉外服务,ACTIVE,v1
category:corporate:环保绿化,环保绿化,2,category:corporate:根分类,scheme:corporate_subject,domain:corporate,法人服务：环保绿化,ACTIVE,v1
category:corporate:知识产权,知识产权,2,category:corporate:根分类,scheme:corporate_subject,domain:corporate,法人服务：知识产权,ACTIVE,v1
category:corporate:破产注销,破产注销,2,category:corporate:根分类,scheme:corporate_subject,domain:corporate,法人服务：破产注销,ACTIVE,v1
category:corporate:社会保障,社会保障,2,category:corporate:根分类,scheme:corporate_subject,domain:corporate,法人服务：社会保障,ACTIVE,v1
category:corporate:科技创新,科技创新,2,category:corporate:根分类,scheme:corporate_subject,domain:corporate,法人服务：科技创新,ACTIVE,v1
category:corporate:立项审批,立项审批,2,category:corporate:根分类,scheme:corporate_subject,domain:corporate,法人服务：立项审批,ACTIVE,v1
category:corporate:融资信贷,融资信贷,2,category:corporate:根分类,scheme:corporate_subject,domain:corporate,法人服务：融资信贷,ACTIVE,v1
category:corporate:设立变更,设立变更,2,category:corporate:根分类,scheme:corporate_subject,domain:corporate,法人服务：设立变更,ACTIVE,v1
category:corporate:财务税务,财务税务,2,category:corporate:根分类,scheme:corporate_subject,domain:corporate,法人服务：财务税务,ACTIVE,v1
category:corporate:质量技术,质量技术,2,category:corporate:根分类,scheme:corporate_subject,domain:corporate,法人服务：质量技术,ACTIVE,v1
category:corporate:质量检查,质量检查,2,category:corporate:根分类,scheme:corporate_subject,domain:corporate,法人服务：质量检查,ACTIVE,v1
category:corporate:资质认证,资质认证,2,category:corporate:根分类,scheme:corporate_subject,domain:corporate,法人服务：资质认证,ACTIVE,v1
category:corporate:金融投资,金融投资,2,category:corporate:根分类,scheme:corporate_subject,domain:corporate,法人服务：金融投资,ACTIVE,v1
category:corporate:食品药品,食品药品,2,category:corporate:根分类,scheme:corporate_subject,domain:corporate,法人服务：食品药品,ACTIVE,v1
